contract_number,Date Signed,Vendor Name,Award Amount
C-519924,11/16/2018,Island Builders,"$4,440,796"
C-625341,04/10/2015,Marina Holdings,"$6,971,657"
C-333409,02/22/2014,Servicios Unidos,"$3,946,668"
C-155412,07/30/2011,Island Builders,"$8,465,210"
C-351628,"Feb 19, 2012",Island Builders,"$9,922,554"
C-521559,2011-03-31,Acme Corp,"$1,859,784"
C-618553,"Mar 27, 2018",Acme Corp,"$4,908,171"
C-537780,"May 28, 2011",Construcciones PR,"$6,576,238"
C-626588,05/29/2014,Bajos LLC,"$3,139,207"
C-541502,2014-08-05,Universal Contractors,"$2,617,875"
C-928695,06/19/2015,Construcciones PR,"$432,267"
C-192787,2015-04-22,Acme Corp,"$678,681"
C-854418,2012-12-07,Marina Holdings,"$5,990,733"
C-548953,08/24/2010,Universal Contractors,"$5,911,915"
C-093352,"Apr 26, 2017",Global Supply,"$591,476"
C-504506,10/02/2013,Servicios Unidos,"$2,799,555"
C-050646,02/10/2018,Universal Contractors,"$1,799,392"
C-519365,11/07/2012,Island Builders,"$3,586,297"
C-396724,2010-08-21,Global Supply,"$7,221,516"
C-269535,"Sep 02, 2010",Construcciones PR,"$8,928,872"
C-714868,"Aug 20, 2018",Bajos LLC,"$4,718,448"
C-107289,06/21/2011,Servicios Unidos,"$9,368,094"
C-737667,"Feb 19, 2017",Island Builders,"$3,963,305"
C-234578,10/30/2014,Island Builders,"$1,132,982"
C-447981,"Feb 11, 2010",Servicios Unidos,"$9,447,879"
C-006187,"Nov 11, 2018",Acme Corp,"$2,379,366"
C-187443,"Jul 08, 2010",Bajos LLC,"$3,468,329"
C-866693,06/26/2015,Construcciones PR,"$9,749,408"
C-040803,"Sep 06, 2013",Bajos LLC,"$2,923,180"
C-302765,2015-01-22,Global Supply,"$2,989,559"
C-678858,06/20/2015,Global Supply,"$1,146,620"
C-986123,04/06/2010,Global Supply,"$5,168,767"
C-380211,"May 17, 2014",Acme Corp,"$5,165,881"
C-379122,"Jun 17, 2016",Acme Corp,"$9,386,088"
C-329972,05/11/2010,Tech Solutions,"$8,173,946"
C-697600,2019-12-20,Acme Corp,"$800,687"
C-301789,06/27/2015,Global Supply,"$8,471,555"
C-247290,10/02/2016,Universal Contractors,"$4,053,138"
C-738446,"Apr 29, 2012",Construcciones PR,"$9,147,230"
C-035230,05/04/2016,Global Supply,"$8,657,970"
C-443487,05/14/2018,Global Supply,"$3,515,539"
C-093365,"Oct 21, 2018",Tech Solutions,"$7,309,345"
C-138222,08/07/2019,Construcciones PR,"$7,896,431"
C-053963,2011-05-27,Construcciones PR,"$91,466"
C-445413,"Oct 19, 2017",Construcciones PR,"$8,769,330"
C-958473,06/06/2014,Servicios Unidos,"$2,332,670"
C-253950,"Oct 21, 2011",Construcciones PR,"$8,223,573"
C-003988,04/22/2012,Servicios Unidos,"$9,735,935"
C-767661,"Aug 09, 2015",Acme Corp,"$1,636,693"
C-907684,"Oct 20, 2013",Marina Holdings,"$3,788,360"
C-218287,2014-08-29,Servicios Unidos,"$2,633,196"
C-164479,07/26/2011,Tech Solutions,"$939,524"
C-473635,10/12/2016,Universal Contractors,"$7,096,098"
C-298949,"Jun 28, 2015",Acme Corp,"$8,612,034"
C-253559,2010-03-04,Universal Contractors,"$5,229,555"
C-590628,09/19/2012,Bajos LLC,"$3,098,841"
C-779725,"Dec 28, 2016",Bajos LLC,"$6,778,943"
C-592284,"Jan 26, 2019",Marina Holdings,"$9,633,354"
C-878191,2015-12-09,Island Builders,"$9,908,166"
C-788505,"Jan 01, 2012",Tech Solutions,"$458,227"
C-751887,"Jul 05, 2012",Universal Contractors,"$5,326,801"
C-399421,10/04/2015,Construcciones PR,"$8,640,193"
C-980862,2014-11-30,Acme Corp,"$4,040,504"
C-569912,"Aug 07, 2013",Construcciones PR,"$6,452,727"
C-464106,"May 12, 2017",Marina Holdings,"$9,043,554"
C-233347,2013-02-12,Global Supply,"$8,306,570"
C-942430,"Nov 14, 2018",Global Supply,"$9,304,209"
C-882684,06/02/2012,Bajos LLC,"$2,773,924"
C-366900,2016-08-25,Tech Solutions,"$851,000"
C-706288,2017-01-28,Servicios Unidos,"$4,581,379"
C-119720,06/05/2018,Bajos LLC,"$7,783,661"
C-499981,"Jun 02, 2016",Universal Contractors,"$324,397"
C-540668,"Oct 11, 2014",Bajos LLC,"$1,084,018"
C-395027,08/17/2016,Marina Holdings,"$3,776,301"
C-972087,09/20/2011,Acme Corp,"$469,222"
C-036648,"May 04, 2010",Servicios Unidos,"$7,650,323"
C-751058,03/07/2017,Acme Corp,"$6,590,191"
C-148929,2016-09-22,Servicios Unidos,"$6,322,529"
C-235696,"Jun 09, 2012",Construcciones PR,"$4,178,308"
C-095725,"Aug 22, 2011",Construcciones PR,"$1,413,400"
C-317987,2013-12-13,Tech Solutions,"$4,680,092"
C-423071,2011-01-11,Bajos LLC,"$590,578"
C-849220,2014-11-22,Island Builders,"$4,121,036"
C-990917,11/22/2018,Servicios Unidos,"$7,879,738"
C-136701,12/10/2014,Bajos LLC,"$3,933,730"
C-185543,2019-03-17,Bajos LLC,"$8,869,663"
C-487593,"Mar 07, 2014",Island Builders,"$3,989,632"
C-111031,09/11/2013,Servicios Unidos,"$4,540,676"
C-637809,2015-01-20,Bajos LLC,"$6,430,920"
C-041597,2010-01-09,Tech Solutions,"$6,119,758"
C-043253,2017-05-04,Tech Solutions,"$5,358,039"
C-448902,2012-09-02,Servicios Unidos,"$574,456"
C-332658,07/02/2017,Universal Contractors,"$9,390,700"
C-850359,2011-12-06,Island Builders,"$3,893,790"
C-589851,"Dec 23, 2013",Bajos LLC,"$9,787,652"
C-054573,"Oct 08, 2014",Island Builders,"$7,572,507"
C-214679,2015-02-19,Universal Contractors,"$1,593,000"
C-146735,2014-10-05,Construcciones PR,"$1,991,326"
C-766378,"Feb 10, 2016",Acme Corp,"$1,116,508"
C-999628,2017-05-10,Global Supply,"$3,544,868"
C-585759,10/13/2016,Marina Holdings,"$1,583,183"
C-626777,2018-10-14,Bajos LLC,"$1,737,467"
C-348388,02/05/2019,Island Builders,"$9,810,863"
C-950310,07/31/2018,Servicios Unidos,"$4,950,905"
C-986863,2016-07-17,Marina Holdings,"$6,637,781"
C-687917,"Jun 02, 2018",Marina Holdings,"$1,152,212"
C-858612,"Jun 04, 2013",Construcciones PR,"$8,558,470"
C-151805,07/27/2018,Island Builders,"$7,484,734"
C-717322,2010-06-13,Island Builders,"$9,417,814"
C-525202,"Dec 18, 2013",Acme Corp,"$7,075,229"
C-922001,2016-02-04,Servicios Unidos,"$390,207"
C-115996,2013-10-26,Universal Contractors,"$5,902,287"
C-901188,"Feb 21, 2011",Universal Contractors,"$5,327,908"
C-165758,"Mar 22, 2012",Tech Solutions,"$4,666,602"
C-507997,10/19/2014,Island Builders,"$5,715,474"
C-814317,"Jul 15, 2015",Construcciones PR,"$7,426,590"
C-859928,12/18/2019,Tech Solutions,"$2,829,768"
C-728298,2011-03-13,Acme Corp,"$2,259,986"
C-567978,"Apr 22, 2014",Island Builders,"$2,867,291"
C-468837,"Apr 05, 2012",Marina Holdings,"$8,666,689"
C-387284,"May 05, 2016",Universal Contractors,"$1,323,054"
C-443757,"Aug 01, 2014",Marina Holdings,"$750,797"
C-535532,2016-03-16,Marina Holdings,"$872,901"
C-946233,2015-07-22,Universal Contractors,"$5,405,025"
C-141860,"Jan 13, 2017",Marina Holdings,"$9,276,926"
C-268612,07/01/2011,Marina Holdings,"$9,518,636"
C-875036,03/24/2016,Marina Holdings,"$103,029"
C-891262,07/29/2018,Acme Corp,"$4,083,629"
C-227110,"Feb 06, 2010",Acme Corp,"$6,208,561"
C-530849,10/05/2017,Global Supply,"$747,803"
C-743082,2012-10-05,Acme Corp,"$6,895,606"
C-335464,05/11/2015,Servicios Unidos,"$6,703,479"
C-477002,2013-12-26,Construcciones PR,"$9,083,161"
C-987625,2016-03-09,Construcciones PR,"$4,926,672"
C-034015,2017-07-24,Bajos LLC,"$6,712,533"
C-532254,09/22/2010,Marina Holdings,"$6,380,747"
C-305527,"Jul 18, 2012",Universal Contractors,"$2,340,790"
C-028009,"Sep 24, 2012",Global Supply,"$1,145,595"
C-235628,05/31/2015,Acme Corp,"$2,502,932"
C-824815,"Apr 27, 2013",Universal Contractors,"$3,911,886"
C-803936,2016-03-09,Tech Solutions,"$3,724,404"
C-386299,07/11/2011,Construcciones PR,"$6,559,820"
C-229261,07/07/2019,Servicios Unidos,"$2,675,063"
C-264575,05/12/2017,Island Builders,"$8,227,760"
C-256100,09/03/2012,Tech Solutions,"$7,132,547"
C-877844,"May 27, 2016",Construcciones PR,"$2,392,020"
C-434762,"Jul 19, 2012",Construcciones PR,"$4,485,506"
C-965291,2017-01-11,Acme Corp,"$7,565,480"
C-211414,05/03/2013,Universal Contractors,"$5,083,986"
C-913333,02/18/2016,Bajos LLC,"$4,031,181"
C-717009,"Dec 31, 2011",Global Supply,"$2,956,207"
C-219495,2011-11-29,Universal Contractors,"$946,143"
C-152892,"Oct 04, 2017",Tech Solutions,"$2,509,970"
C-259519,"Jul 16, 2017",Servicios Unidos,"$2,228,855"
C-863872,2018-09-09,Bajos LLC,"$5,769,154"
C-682972,11/29/2016,Marina Holdings,"$5,419,800"
C-990476,"Mar 21, 2018",Bajos LLC,"$825,858"
C-359282,11/03/2015,Acme Corp,"$3,211,410"
C-946782,10/22/2012,Universal Contractors,"$2,971,941"
C-609732,04/14/2012,Construcciones PR,"$4,143,462"
C-001147,"Mar 31, 2015",Construcciones PR,"$9,689,608"
C-532781,12/08/2017,Bajos LLC,"$7,637,327"
C-772648,"Jan 02, 2010",Global Supply,"$5,867,135"
C-999083,2011-08-24,Servicios Unidos,"$674,103"
C-855826,2013-12-29,Global Supply,"$8,702,276"
C-510180,10/05/2014,Servicios Unidos,"$4,075,896"
C-260852,"Nov 23, 2010",Marina Holdings,"$1,514,395"
C-471783,2010-10-20,Construcciones PR,"$574,117"
C-964400,2018-06-09,Marina Holdings,"$4,445,147"
C-285825,10/21/2010,Bajos LLC,"$2,978,164"
C-116010,11/06/2013,Universal Contractors,"$4,030,925"
C-336790,"Dec 21, 2015",Global Supply,"$1,378,654"
C-195741,03/01/2013,Island Builders,"$4,975,354"
C-239714,2016-03-28,Construcciones PR,"$1,380,991"
C-039361,2019-10-04,Universal Contractors,"$4,832,840"
C-782930,"Mar 09, 2014",Servicios Unidos,"$4,128,834"
C-160243,"Jan 12, 2016",Tech Solutions,"$2,248,499"
C-795565,2017-04-14,Construcciones PR,"$1,072,099"
C-520820,"Apr 09, 2019",Bajos LLC,"$4,749,460"
C-487443,2010-06-26,Island Builders,"$5,191,510"
C-385871,06/18/2014,Universal Contractors,"$1,614,108"
C-655347,"Apr 21, 2010",Tech Solutions,"$3,626,376"
C-771884,02/03/2019,Tech Solutions,"$8,940,150"
C-514660,"Jun 12, 2019",Global Supply,"$914,145"
C-246951,07/10/2010,Universal Contractors,"$2,253,280"
C-936756,01/09/2017,Bajos LLC,"$4,551,551"
C-062283,2018-12-24,Construcciones PR,"$8,853,300"
C-376381,2016-01-26,Global Supply,"$4,241,125"
C-926785,2014-04-13,Servicios Unidos,"$4,189,752"
C-173537,04/30/2016,Bajos LLC,"$5,369,000"
C-467443,04/09/2017,Servicios Unidos,"$1,713,007"
C-809265,"Nov 20, 2012",Construcciones PR,"$7,259,905"
C-887191,"Nov 26, 2019",Bajos LLC,"$1,519,579"
C-164071,"Jul 31, 2010",Marina Holdings,"$536,255"
C-945245,01/24/2012,Marina Holdings,"$7,289,688"
C-537856,08/13/2018,Global Supply,"$9,015,784"
C-605208,2019-11-22,Bajos LLC,"$8,981,907"
C-025629,02/13/2012,Global Supply,"$1,332,062"
C-512033,"Sep 10, 2017",Global Supply,"$7,668,531"
C-418683,"Jan 23, 2012",Servicios Unidos,"$4,812,692"
C-601678,09/02/2011,Acme Corp,"$3,086,495"
C-154970,05/28/2019,Acme Corp,"$2,164,744"
C-009204,11/11/2010,Universal Contractors,"$3,828,198"
C-787764,2012-09-17,Marina Holdings,"$6,623,810"
C-532427,11/17/2011,Marina Holdings,"$1,689,002"
C-313083,09/27/2015,Tech Solutions,"$3,987,781"
C-277393,2014-09-29,Servicios Unidos,"$2,117,950"
C-562800,11/26/2016,Tech Solutions,"$1,758,293"
C-592078,07/23/2012,Acme Corp,"$4,211,749"
C-160975,12/30/2010,Servicios Unidos,"$7,430,954"
C-257784,"Feb 17, 2014",Island Builders,"$7,787,268"
C-492327,"May 02, 2010",Tech Solutions,"$3,772,604"
C-529125,"Aug 05, 2014",Universal Contractors,"$3,515"
C-984294,09/01/2017,Island Builders,"$178,879"
C-387499,2015-02-01,Island Builders,"$7,224,516"
C-307263,12/04/2018,Global Supply,"$3,510,589"
C-851473,02/09/2012,Universal Contractors,"$1,656,260"
C-451875,"May 25, 2011",Tech Solutions,"$1,402,535"
C-881349,2013-07-04,Global Supply,"$3,294,390"
C-991877,07/25/2010,Bajos LLC,"$7,452,279"
C-208170,"Oct 25, 2011",Global Supply,"$1,602,978"
C-888105,2010-04-20,Acme Corp,"$912,637"
C-777901,2018-01-25,Acme Corp,"$7,602,503"
C-176928,2012-07-13,Island Builders,"$7,073,782"
C-497602,"Jun 13, 2019",Global Supply,"$7,182,186"
C-036371,"Aug 25, 2011",Global Supply,"$5,260,883"
C-574067,2018-09-22,Universal Contractors,"$8,196,532"
C-202475,2012-09-24,Global Supply,"$8,457,383"
C-271480,01/19/2011,Bajos LLC,"$6,459,631"
C-631456,07/26/2010,Global Supply,"$5,478,601"
C-355411,"Apr 13, 2011",Bajos LLC,"$306,500"
C-864301,"Feb 10, 2019",Bajos LLC,"$4,759,052"
C-632476,"Sep 14, 2013",Tech Solutions,"$1,235,114"
C-173999,2018-11-18,Global Supply,"$1,087,688"
C-418154,09/20/2014,Bajos LLC,"$701,586"
C-121458,02/12/2011,Marina Holdings,"$4,185,153"
C-495680,11/26/2014,Servicios Unidos,"$7,323,875"
C-849890,"Jul 27, 2015",Servicios Unidos,"$1,739,632"
C-055151,01/09/2013,Construcciones PR,"$5,913,765"
C-354344,03/15/2012,Servicios Unidos,"$7,073,464"
C-984292,"Oct 18, 2019",Universal Contractors,"$2,894,373"
C-900683,2015-03-28,Tech Solutions,"$7,791,359"
C-339478,2011-09-02,Acme Corp,"$2,964,896"
C-380921,"Dec 21, 2011",Island Builders,"$5,411,758"
C-195603,2010-10-02,Construcciones PR,"$3,661,816"
C-334436,"Dec 14, 2019",Tech Solutions,"$6,954,725"
C-413025,08/08/2014,Servicios Unidos,"$9,479,077"
C-883086,"Jul 16, 2015",Acme Corp,"$6,368,936"
C-895578,2010-10-13,Universal Contractors,"$8,670,252"
C-127170,"Nov 08, 2010",Servicios Unidos,"$3,654,022"
C-669268,"Dec 05, 2019",Tech Solutions,"$6,375,652"
C-579764,2010-09-12,Tech Solutions,"$9,856,639"
C-322278,"Oct 24, 2016",Tech Solutions,"$2,144,239"
C-130550,"Oct 27, 2016",Acme Corp,"$3,444,588"
C-723514,2014-03-23,Bajos LLC,"$770,716"
C-605063,04/20/2012,Global Supply,"$8,274,909"
C-741303,2014-12-18,Island Builders,"$8,453,136"
C-072173,2011-11-03,Acme Corp,"$1,075,068"
C-438162,02/08/2011,Universal Contractors,"$9,995,864"
C-757105,06/10/2012,Acme Corp,"$4,390,976"
C-480475,05/06/2014,Construcciones PR,"$7,651,051"
C-210543,2012-03-26,Acme Corp,"$226,814"
C-801571,"Oct 10, 2014",Marina Holdings,"$2,772,888"
C-773904,2015-08-02,Acme Corp,"$2,227,224"
C-551812,"Sep 16, 2015",Universal Contractors,"$4,822,032"
C-364436,2013-01-05,Acme Corp,"$8,438,093"
C-619546,2016-02-15,Construcciones PR,"$3,259,264"
C-371917,08/14/2017,Bajos LLC,"$4,117,680"
C-538006,07/05/2010,Servicios Unidos,"$2,158,875"
C-765708,2011-07-16,Marina Holdings,"$4,965,961"
C-746126,"Jan 18, 2010",Tech Solutions,"$1,785,412"
C-210612,2012-02-19,Servicios Unidos,"$3,281,710"
C-783251,01/04/2013,Island Builders,"$920,232"
C-201995,"Nov 02, 2017",Servicios Unidos,"$5,724,593"
C-393794,01/01/2013,Acme Corp,"$8,231,854"
C-063136,2017-10-17,Servicios Unidos,"$4,370,706"
C-879109,2011-04-09,Universal Contractors,"$5,251,458"
C-133208,05/02/2014,Tech Solutions,"$9,410,733"
C-341609,02/11/2010,Acme Corp,"$9,963,908"
C-361322,"Feb 19, 2010",Bajos LLC,"$7,324,237"
C-139510,07/12/2012,Acme Corp,"$8,856,905"
C-616429,"Nov 06, 2011",Universal Contractors,"$1,074,595"
C-283675,2018-05-15,Tech Solutions,"$468,381"
C-474156,"Aug 23, 2011",Bajos LLC,"$7,470,203"
C-997792,01/13/2012,Bajos LLC,"$9,000,817"
C-773951,2018-07-18,Servicios Unidos,"$3,093,081"
C-737130,"Jun 11, 2018",Global Supply,"$1,978,451"
C-605516,04/15/2014,Global Supply,"$1,670,199"
C-158589,2019-01-27,Tech Solutions,"$2,396,724"
C-427879,10/14/2013,Servicios Unidos,"$5,876,407"
C-915767,"Jun 28, 2018",Global Supply,"$9,758,699"
C-450955,"Feb 28, 2011",Global Supply,"$3,785,035"
C-028828,"Jun 06, 2016",Island Builders,"$7,493,020"
C-828858,"Dec 13, 2013",Marina Holdings,"$9,682,423"
C-580923,"Mar 04, 2010",Construcciones PR,"$5,714,730"
C-387482,"Dec 09, 2016",Tech Solutions,"$8,607,248"
C-423127,04/06/2010,Acme Corp,"$8,800,168"
C-299007,03/09/2014,Universal Contractors,"$4,049,468"
C-373841,02/19/2019,Universal Contractors,"$1,707,248"
C-009696,05/25/2011,Bajos LLC,"$5,894,445"
C-042539,08/02/2016,Tech Solutions,"$7,703,798"
C-377290,10/30/2014,Construcciones PR,"$3,798,431"
C-431792,"Jul 06, 2015",Acme Corp,"$4,850,978"
C-593901,2014-09-18,Universal Contractors,"$982,520"
C-499480,"Sep 03, 2010",Tech Solutions,"$2,974,177"
C-240404,03/12/2013,Construcciones PR,"$6,599,293"
C-566341,2018-10-26,Bajos LLC,"$3,275,335"
C-251163,2016-01-22,Servicios Unidos,"$2,175,769"
C-070659,2018-09-17,Global Supply,"$7,945,250"
C-765067,08/02/2018,Acme Corp,"$3,775,175"
C-471264,"Jul 19, 2013",Global Supply,"$8,422,791"
C-512957,"Jan 28, 2016",Universal Contractors,"$8,975,468"
C-788630,"Jul 01, 2012",Island Builders,"$5,757,140"
C-907486,"Nov 05, 2010",Bajos LLC,"$4,688,902"
C-848539,2017-07-12,Global Supply,"$5,204,774"
C-182848,"Sep 28, 2014",Global Supply,"$2,691,543"
C-745724,04/29/2011,Bajos LLC,"$708,661"
C-319292,2018-05-27,Universal Contractors,"$4,947,150"
C-182244,"Apr 26, 2016",Island Builders,"$7,022,072"
C-475940,"Nov 12, 2017",Global Supply,"$7,666,234"
C-295296,2015-03-18,Global Supply,"$9,259,892"
C-414937,2011-05-15,Bajos LLC,"$4,421,204"
C-942441,09/21/2018,Marina Holdings,"$1,003,006"
C-816481,"Nov 17, 2010",Construcciones PR,"$4,994,292"
C-395106,"Feb 18, 2014",Marina Holdings,"$2,319,462"
C-857235,11/09/2014,Bajos LLC,"$7,778,968"
C-559281,2016-12-09,Tech Solutions,"$5,437,514"
C-820014,"Jun 15, 2015",Servicios Unidos,"$1,907,511"
C-584953,2018-03-10,Marina Holdings,"$6,697,544"
C-844607,02/07/2012,Tech Solutions,"$9,134,585"
C-207097,04/23/2016,Marina Holdings,"$5,081,581"
C-159328,2019-11-06,Servicios Unidos,"$7,266,766"
C-342527,12/09/2013,Bajos LLC,"$8,546,948"
C-996795,"Jun 07, 2016",Global Supply,"$8,385,789"
C-735316,12/14/2013,Bajos LLC,"$1,043,079"
C-276185,04/15/2014,Acme Corp,"$4,753,154"
C-932470,2012-11-27,Island Builders,"$4,088,421"
C-611921,12/21/2018,Universal Contractors,"$2,673,184"
C-972071,"Jul 16, 2012",Global Supply,"$8,366,364"
C-467736,"Jul 17, 2013",Servicios Unidos,"$1,487,386"
C-383653,09/29/2010,Tech Solutions,"$6,279,801"
C-802477,2015-06-23,Construcciones PR,"$1,429,366"
C-349809,2017-11-01,Construcciones PR,"$8,655,330"
C-519812,2012-11-06,Global Supply,"$6,398,716"
C-336296,10/06/2014,Construcciones PR,"$7,482,067"
C-909277,"Jul 21, 2014",Acme Corp,"$1,833,689"
C-502697,"Dec 24, 2015",Universal Contractors,"$2,647,160"
C-692122,2018-09-26,Acme Corp,"$7,503,238"
C-408254,08/20/2014,Tech Solutions,"$5,061,695"
C-179856,11/17/2010,Construcciones PR,"$4,075,314"
C-342543,"Mar 09, 2019",Tech Solutions,"$5,720,988"
C-940559,"Apr 09, 2015",Acme Corp,"$5,393,598"
C-698432,07/17/2013,Bajos LLC,"$8,002,620"
C-441032,05/20/2015,Acme Corp,"$8,283,771"
C-178315,"Jul 02, 2015",Tech Solutions,"$39,012"
C-319568,12/26/2017,Acme Corp,"$7,193,631"
C-213360,2012-05-20,Bajos LLC,"$498,682"
C-748821,"Feb 01, 2014",Acme Corp,"$2,648,273"
C-284227,2017-08-16,Construcciones PR,"$9,418,172"
C-125022,2017-09-14,Universal Contractors,"$3,267,146"
C-581566,2018-11-12,Bajos LLC,"$6,115,944"
C-794512,2010-03-12,Bajos LLC,"$988,209"
C-517263,"Aug 06, 2016",Island Builders,"$887,591"
C-045048,2011-11-26,Global Supply,"$8,685,327"
C-885669,"Mar 08, 2013",Bajos LLC,"$1,582,621"
C-168008,01/22/2015,Global Supply,"$1,829,373"
C-729168,10/13/2014,Bajos LLC,"$1,733,358"
C-528391,2013-07-30,Bajos LLC,"$2,662,735"
C-927533,"Feb 15, 2012",Island Builders,"$3,409,890"
C-618031,2015-07-26,Global Supply,"$6,462,915"
C-254851,2015-04-19,Acme Corp,"$8,450,291"
C-929904,"Jun 05, 2017",Tech Solutions,"$4,215,947"
C-242766,05/19/2018,Marina Holdings,"$9,461,439"
C-243874,11/14/2018,Global Supply,"$8,454,610"
C-110440,2012-11-12,Bajos LLC,"$759,182"
C-360019,2019-07-16,Island Builders,"$6,660,262"
C-502467,2013-09-11,Servicios Unidos,"$7,200,204"
C-928570,"Feb 09, 2017",Servicios Unidos,"$7,213,266"
C-381803,"Dec 06, 2015",Bajos LLC,"$481,548"
C-205358,2014-03-26,Universal Contractors,"$7,996,665"
C-277677,2012-11-14,Tech Solutions,"$1,630,834"
C-694258,"Dec 16, 2010",Acme Corp,"$1,894,996"
C-202428,2010-02-13,Acme Corp,"$1,904,109"
C-877647,"Nov 27, 2017",Bajos LLC,"$1,531,700"
C-199274,03/12/2010,Global Supply,"$1,970,557"
C-992051,"Jul 08, 2019",Servicios Unidos,"$5,295,376"
C-866159,2012-04-16,Universal Contractors,"$4,830,405"
C-784993,"Jun 28, 2018",Servicios Unidos,"$9,607,280"
C-714478,06/07/2010,Acme Corp,"$6,054,123"
C-811594,07/20/2015,Acme Corp,"$229,433"
C-638550,"Apr 18, 2012",Tech Solutions,"$3,859,916"
C-377074,"Aug 20, 2016",Marina Holdings,"$7,545,621"
C-928664,"Jan 10, 2019",Island Builders,"$652,160"
C-284329,07/25/2017,Acme Corp,"$3,091,303"
C-666253,"Dec 07, 2012",Bajos LLC,"$7,314,268"
C-449530,2016-08-20,Construcciones PR,"$6,432,454"
C-416990,"Dec 10, 2017",Servicios Unidos,"$2,967,447"
C-135752,"Aug 28, 2016",Construcciones PR,"$2,372,895"
C-340333,2015-10-11,Bajos LLC,"$6,405,105"
C-295609,2011-05-18,Marina Holdings,"$5,460,070"
C-725725,"Apr 13, 2013",Bajos LLC,"$828,865"
C-641938,09/22/2018,Tech Solutions,"$6,853,497"
C-631569,2015-01-20,Island Builders,"$4,202,543"
C-050126,"Jan 04, 2011",Island Builders,"$6,413,538"
C-716642,2013-10-07,Construcciones PR,"$3,888,437"
C-809877,07/03/2011,Servicios Unidos,"$55,599"
C-011197,"May 31, 2010",Global Supply,"$9,324,509"
C-928797,"May 29, 2018",Marina Holdings,"$9,421,897"
C-007484,2014-04-25,Marina Holdings,"$6,783,326"
C-756475,"Feb 27, 2011",Island Builders,"$261,162"
C-787900,"Dec 28, 2014",Bajos LLC,"$8,823,304"
C-731748,"Sep 11, 2012",Servicios Unidos,"$4,754,388"
C-270398,"Nov 19, 2018",Island Builders,"$3,057,943"
C-100444,10/18/2010,Island Builders,"$5,473,127"
C-415087,2018-04-21,Tech Solutions,"$1,163,395"
C-372059,"Feb 20, 2017",Universal Contractors,"$2,632,406"
C-054703,2017-10-10,Universal Contractors,"$2,685,014"
C-950840,"Feb 28, 2017",Bajos LLC,"$7,248,176"
C-963978,"Jul 09, 2018",Bajos LLC,"$7,031,270"
C-171894,2017-03-22,Construcciones PR,"$8,865,475"
C-397327,"Mar 17, 2018",Bajos LLC,"$9,830,926"
C-903707,2018-08-04,Construcciones PR,"$1,343,226"
C-918307,"May 21, 2018",Island Builders,"$9,061,967"
C-383048,2013-03-04,Acme Corp,"$6,383,565"
C-986732,2016-07-18,Construcciones PR,"$3,579,242"
C-238115,"Jun 20, 2017",Global Supply,"$9,403,311"
C-161250,"Nov 02, 2018",Tech Solutions,"$7,445,513"
C-037124,"Apr 03, 2012",Island Builders,"$2,218,670"
C-626120,02/07/2013,Universal Contractors,"$6,502,159"
C-664930,2014-09-28,Global Supply,"$4,099,281"
C-696886,"Dec 07, 2017",Marina Holdings,"$8,183,955"
C-226913,2013-12-27,Island Builders,"$6,455,774"
C-770298,2012-12-08,Bajos LLC,"$5,236,300"
C-264848,2019-07-13,Construcciones PR,"$8,516,306"
C-038122,2015-10-23,Acme Corp,"$6,714,100"
C-001181,08/11/2014,Tech Solutions,"$2,445,010"
C-551161,07/12/2014,Island Builders,"$8,232,668"
C-935281,2017-03-21,Tech Solutions,"$3,174,416"
C-251119,2018-12-31,Tech Solutions,"$6,071,178"
C-380774,"Dec 29, 2012",Construcciones PR,"$8,022,531"
C-518726,2010-12-28,Universal Contractors,"$385,165"
C-960207,2012-08-14,Servicios Unidos,"$3,578,607"
C-733050,03/26/2014,Marina Holdings,"$5,469,182"
C-789422,02/24/2010,Construcciones PR,"$5,384,872"
C-826338,2012-02-19,Bajos LLC,"$3,185,518"
C-392772,12/14/2013,Construcciones PR,"$365,668"
C-802835,"Dec 27, 2011",Servicios Unidos,"$5,088,080"
C-393590,2013-04-11,Global Supply,"$4,053,158"
C-451050,2019-11-21,Global Supply,"$4,782,070"
C-202072,2018-10-12,Universal Contractors,"$2,333,121"
C-216653,05/06/2017,Servicios Unidos,"$3,759,293"
C-340758,"Jan 17, 2010",Tech Solutions,"$2,319,013"
C-933454,"Jul 25, 2019",Bajos LLC,"$7,381,528"
C-125826,"Sep 29, 2011",Global Supply,"$6,819,019"
C-206878,10/05/2014,Construcciones PR,"$1,795,842"
C-065443,"May 03, 2019",Tech Solutions,"$8,506,885"
C-181247,"Jun 21, 2014",Island Builders,"$1,605,636"
C-386600,"Aug 26, 2013",Universal Contractors,"$7,399,419"
C-645443,09/17/2017,Marina Holdings,"$8,071,185"
C-004907,"Dec 08, 2011",Marina Holdings,"$4,794,236"
C-571272,"Dec 25, 2015",Servicios Unidos,"$6,801,467"
C-741925,2019-03-13,Marina Holdings,"$9,431,937"
C-094817,"Feb 24, 2015",Global Supply,"$4,716,522"
C-301260,10/26/2019,Island Builders,"$2,389,292"
C-000203,2015-07-29,Acme Corp,"$8,839,877"
C-059048,"Jan 15, 2014",Global Supply,"$6,145,195"
C-596473,10/20/2016,Acme Corp,"$706,062"
C-340837,"Oct 19, 2015",Global Supply,"$5,559,380"
C-340830,2018-09-15,Universal Contractors,"$2,723,723"
C-769168,01/31/2018,Acme Corp,"$6,784,835"
C-254500,01/26/2017,Marina Holdings,"$4,840,148"
C-005711,2011-08-30,Island Builders,"$5,617,898"
C-600241,2019-05-27,Universal Contractors,"$2,808,866"
C-421183,11/03/2012,Tech Solutions,"$6,149,687"
C-208714,11/23/2015,Island Builders,"$6,938,089"
C-068911,"Apr 02, 2017",Servicios Unidos,"$8,864,531"
C-924403,"Dec 03, 2018",Global Supply,"$2,573,270"
C-005289,2012-04-06,Tech Solutions,"$9,246,409"
C-326081,"Oct 25, 2012",Universal Contractors,"$3,237,681"
C-203703,06/11/2015,Global Supply,"$304,400"
C-788499,07/29/2012,Acme Corp,"$7,193,300"
C-483494,2011-01-29,Servicios Unidos,"$9,874,390"
C-428297,11/07/2015,Tech Solutions,"$340,079"
C-000038,2019-06-05,Servicios Unidos,"$9,826,627"
C-207304,11/13/2016,Tech Solutions,"$8,686,285"
C-487685,12/11/2016,Global Supply,"$230,856"
C-988348,03/04/2011,Bajos LLC,"$2,876,897"
C-930800,"Sep 23, 2019",Tech Solutions,"$1,067,707"
C-960330,"Nov 27, 2018",Island Builders,"$9,501,582"
C-154369,04/25/2010,Global Supply,"$1,853,879"
C-532023,03/27/2011,Marina Holdings,"$3,943,138"
C-157916,2019-10-01,Tech Solutions,"$1,422,104"
C-209135,"May 14, 2018",Marina Holdings,"$3,493,603"
C-175773,05/06/2013,Tech Solutions,"$5,823,564"
C-784932,"Feb 27, 2016",Marina Holdings,"$673,734"
C-413652,"Jul 18, 2013",Bajos LLC,"$1,460,764"
C-274167,12/29/2015,Acme Corp,"$3,185,439"
C-624776,11/16/2011,Acme Corp,"$7,607,512"
C-687322,09/28/2015,Tech Solutions,"$1,803,465"
C-907609,2012-04-07,Tech Solutions,"$1,409,154"
C-002989,2012-02-11,Construcciones PR,"$4,206,705"
C-287997,04/29/2019,Servicios Unidos,"$2,486,390"
C-662848,2012-02-20,Construcciones PR,"$5,285,036"
C-432499,2017-07-10,Tech Solutions,"$6,417,046"
C-887354,2015-11-13,Acme Corp,"$5,068,290"
C-993658,"Oct 10, 2014",Universal Contractors,"$2,738,199"
C-590909,"Apr 10, 2018",Marina Holdings,"$5,938,492"
C-583101,11/28/2014,Marina Holdings,"$3,276,549"
C-461419,02/16/2010,Construcciones PR,"$4,230,996"
C-492593,09/27/2017,Global Supply,"$8,946,193"
C-655966,"Jun 02, 2019",Construcciones PR,"$8,522,540"
C-525466,01/28/2014,Global Supply,"$6,704,303"
C-195906,2012-03-31,Construcciones PR,"$6,751,481"
C-391870,"Dec 09, 2016",Marina Holdings,"$448,427"
C-514190,2015-12-22,Acme Corp,"$2,262,061"
C-534742,10/20/2018,Universal Contractors,"$7,813,048"
C-196909,"Jan 16, 2011",Tech Solutions,"$5,861,739"
C-933780,02/25/2017,Bajos LLC,"$7,994,710"
C-632425,2013-12-18,Universal Contractors,"$847,139"
C-035810,2011-12-15,Acme Corp,"$8,269,607"
C-393666,"Apr 22, 2010",Construcciones PR,"$6,967,511"
C-478462,08/06/2019,Acme Corp,"$417,686"
C-399405,04/07/2014,Construcciones PR,"$298,184"
C-621729,07/04/2017,Acme Corp,"$8,882,884"
C-996962,12/04/2016,Global Supply,"$9,397,166"
C-008564,10/05/2015,Acme Corp,"$4,643,915"
C-614944,05/28/2017,Bajos LLC,"$9,560,776"
C-810397,2019-06-19,Construcciones PR,"$9,336,147"
C-590001,2015-05-16,Construcciones PR,"$7,781,887"
C-499408,"Apr 04, 2013",Island Builders,"$3,815,311"
C-552648,12/03/2016,Island Builders,"$9,746,356"
C-108640,"Sep 01, 2010",Bajos LLC,"$4,554,262"
C-324314,"Aug 03, 2016",Bajos LLC,"$4,378,510"
C-242031,08/15/2018,Servicios Unidos,"$404,165"
C-985095,"Jan 13, 2019",Servicios Unidos,"$6,924,674"
C-387215,2011-11-03,Universal Contractors,"$5,011,622"
C-354928,2016-02-29,Servicios Unidos,"$1,841,027"
C-747959,2018-10-01,Tech Solutions,"$2,753,180"
C-730056,"Apr 17, 2010",Bajos LLC,"$3,313,301"
C-215474,"Jun 27, 2010",Island Builders,"$6,640,618"
C-846131,2019-05-17,Marina Holdings,"$652,907"
C-538599,"Oct 28, 2012",Acme Corp,"$9,371,864"
C-566340,2017-07-06,Universal Contractors,"$4,497,883"
C-258063,09/25/2015,Bajos LLC,"$3,522,908"
C-714125,2011-05-30,Bajos LLC,"$786,443"
C-355089,"May 27, 2013",Construcciones PR,"$8,627,744"
C-944497,"Nov 04, 2013",Acme Corp,"$9,979,236"
C-417868,2019-04-04,Global Supply,"$5,582,371"
C-373619,"Jan 26, 2015",Acme Corp,"$3,210,866"
C-626851,03/23/2013,Global Supply,"$9,139,434"
C-595546,2015-07-08,Construcciones PR,"$4,645,522"
C-686945,04/19/2016,Construcciones PR,"$9,436,026"
C-632316,2012-07-03,Tech Solutions,"$9,922,421"
C-671335,"Aug 14, 2010",Servicios Unidos,"$7,414,443"
C-186403,2016-11-28,Construcciones PR,"$6,407,024"
C-286916,"Nov 18, 2012",Tech Solutions,"$1,147,033"
C-429821,2015-10-13,Tech Solutions,"$7,571,349"
C-034287,"Dec 29, 2012",Island Builders,"$8,784,900"
C-146676,11/10/2013,Bajos LLC,"$4,347,971"
C-907215,"Oct 02, 2011",Island Builders,"$3,717,777"
C-810221,"Aug 20, 2010",Bajos LLC,"$6,787,164"
C-722375,"Jul 20, 2010",Servicios Unidos,"$5,879,960"
C-373112,11/12/2013,Tech Solutions,"$2,719,860"
C-864804,12/21/2014,Construcciones PR,"$2,070,476"
C-877578,"Feb 17, 2014",Bajos LLC,"$2,689,198"
C-193356,07/25/2011,Tech Solutions,"$342,735"
C-595317,"Sep 15, 2011",Bajos LLC,"$8,831,124"
C-805420,"Apr 27, 2012",Universal Contractors,"$7,583,894"
C-132669,"Jul 07, 2013",Tech Solutions,"$1,222,831"
C-844599,04/02/2019,Servicios Unidos,"$2,166,472"
C-930624,2014-06-06,Bajos LLC,"$217,384"
C-832435,"Sep 08, 2019",Servicios Unidos,"$2,369,477"
C-145342,"Jul 17, 2017",Island Builders,"$1,800,363"
C-773166,02/13/2017,Acme Corp,"$4,429,789"
C-171381,"Mar 31, 2017",Tech Solutions,"$2,076,796"
C-994060,2013-10-28,Acme Corp,"$5,519,864"
C-695855,"Oct 31, 2011",Universal Contractors,"$273,997"
C-385592,03/16/2010,Tech Solutions,"$842,856"
C-564520,05/09/2010,Island Builders,"$8,452,826"
C-602343,"Dec 18, 2013",Marina Holdings,"$3,388,239"
C-185983,2015-05-17,Island Builders,"$1,860,031"
C-210011,2016-05-25,Construcciones PR,"$2,538,353"
C-457731,2012-08-24,Global Supply,"$2,590,434"
C-890353,"Jan 16, 2014",Tech Solutions,"$1,822,438"
C-464612,2017-11-17,Universal Contractors,"$5,206,481"
C-794460,09/26/2012,Acme Corp,"$4,260,326"
C-817371,2018-10-26,Bajos LLC,"$5,760,087"
C-934881,"Oct 31, 2017",Bajos LLC,"$9,473,729"
C-152930,2013-07-29,Marina Holdings,"$2,646,310"
C-456765,"Nov 26, 2016",Universal Contractors,"$661,656"
C-820111,"Jan 25, 2016",Bajos LLC,"$6,394,105"
C-521961,2019-05-27,Marina Holdings,"$9,592,227"
C-491797,"Jun 23, 2016",Global Supply,"$9,903,713"
C-295566,2017-04-26,Bajos LLC,"$143,686"
C-249693,"Aug 16, 2018",Acme Corp,"$5,332,289"
C-254435,06/02/2012,Marina Holdings,"$3,751,204"
C-132344,"Dec 16, 2016",Global Supply,"$3,917,815"
C-377672,11/02/2010,Marina Holdings,"$2,892,639"
C-167064,"Apr 03, 2014",Island Builders,"$4,332,707"
C-493805,01/16/2018,Servicios Unidos,"$8,592,377"
C-712541,"Aug 15, 2018",Tech Solutions,"$52,440"
C-512376,2015-11-14,Island Builders,"$9,644,980"
C-206496,2013-07-04,Bajos LLC,"$5,099,090"
C-015605,"Jan 30, 2010",Tech Solutions,"$5,854,693"
C-064623,01/29/2011,Global Supply,"$3,655,595"
C-499135,08/20/2019,Universal Contractors,"$8,446,250"
C-560620,"Oct 03, 2019",Universal Contractors,"$1,974,628"
C-087106,2011-05-02,Island Builders,"$863,623"
C-461856,06/07/2018,Global Supply,"$2,029,781"
C-803504,2015-12-26,Marina Holdings,"$2,681,632"
C-618613,10/10/2012,Global Supply,"$3,203,858"
C-707867,2014-12-10,Marina Holdings,"$1,917,935"
C-048059,2019-08-06,Universal Contractors,"$7,474,562"
C-658375,06/03/2011,Servicios Unidos,"$8,428,144"
C-982148,2010-10-02,Global Supply,"$4,204,701"
C-104392,2016-04-23,Universal Contractors,"$5,272,100"
C-327329,12/11/2014,Bajos LLC,"$4,075,497"
C-872366,"Oct 28, 2017",Universal Contractors,"$2,321,745"
C-949579,"Apr 22, 2013",Acme Corp,"$2,221,226"
C-859202,08/14/2015,Tech Solutions,"$382,641"
C-022766,2013-12-21,Servicios Unidos,"$4,302,561"
C-508174,"Jan 26, 2012",Global Supply,"$8,932,493"
C-698630,09/10/2017,Universal Contractors,"$2,956,348"
C-701905,"Jan 19, 2013",Universal Contractors,"$4,448,377"
C-716392,03/26/2010,Marina Holdings,"$9,268,173"
C-278105,"Dec 21, 2015",Bajos LLC,"$4,044,340"
C-661693,"Jan 09, 2015",Global Supply,"$9,989,197"
C-573450,01/18/2019,Tech Solutions,"$8,553,772"
C-586774,04/15/2011,Universal Contractors,"$8,364,585"
C-008348,07/15/2014,Island Builders,"$8,034,977"
C-031724,"Jul 08, 2013",Bajos LLC,"$3,471,675"
C-918156,"Apr 23, 2011",Marina Holdings,"$8,897,893"
C-370827,2016-07-03,Island Builders,"$5,467,035"
C-557742,"Nov 26, 2013",Servicios Unidos,"$6,541,744"
C-683040,03/03/2012,Tech Solutions,"$4,793,800"
C-186816,2014-05-30,Acme Corp,"$1,028,680"
C-990739,"May 08, 2010",Servicios Unidos,"$2,785,870"
C-956939,"Nov 17, 2018",Acme Corp,"$3,225,437"
C-521147,"Aug 03, 2013",Global Supply,"$7,486,674"
C-145306,2010-05-20,Universal Contractors,"$7,154,083"
C-857788,05/16/2017,Universal Contractors,"$8,349,306"
C-385428,03/28/2015,Bajos LLC,"$2,322,665"
C-273131,03/21/2017,Island Builders,"$5,652,338"
C-807258,"Apr 21, 2011",Tech Solutions,"$9,680,433"
C-015124,2019-04-03,Acme Corp,"$1,692,551"
C-701213,10/03/2019,Construcciones PR,"$3,920,862"
C-818784,2018-07-15,Servicios Unidos,"$3,021,070"
C-179789,"Nov 29, 2010",Island Builders,"$4,759,476"
C-700010,"May 04, 2013",Bajos LLC,"$7,008,942"
C-655511,"Jan 31, 2011",Global Supply,"$9,326,770"
C-301835,09/23/2013,Acme Corp,"$4,700,287"
C-713693,"Aug 18, 2016",Bajos LLC,"$9,215,420"
C-560154,"Oct 26, 2019",Global Supply,"$7,338,200"
C-831306,"Dec 04, 2019",Global Supply,"$9,468,464"
C-645410,2014-10-13,Bajos LLC,"$5,603,580"
C-834117,2017-08-27,Construcciones PR,"$5,897,283"
C-483769,2016-11-03,Global Supply,"$4,243,831"
C-244474,"Oct 28, 2010",Construcciones PR,"$8,582,915"
C-998282,"Jun 14, 2012",Servicios Unidos,"$5,539,743"
C-485262,01/12/2014,Construcciones PR,"$4,351,961"
C-899107,08/09/2012,Acme Corp,"$2,883,625"
C-116645,"Jun 18, 2018",Global Supply,"$1,591,693"
C-817340,2011-08-21,Marina Holdings,"$3,023,883"
C-141210,2015-03-05,Global Supply,"$5,426,521"
C-386387,"Jan 08, 2010",Tech Solutions,"$6,198,985"
C-083284,2011-01-06,Construcciones PR,"$1,533,228"
C-615550,03/30/2011,Acme Corp,"$1,895,655"
C-012756,02/14/2014,Acme Corp,"$2,388,223"
C-316490,2012-12-15,Construcciones PR,"$2,926,879"
C-302099,2019-03-23,Marina Holdings,"$241,198"
C-202005,"Dec 07, 2012",Servicios Unidos,"$4,402,891"
C-721763,08/05/2015,Construcciones PR,"$1,461,540"
C-815059,2017-03-23,Marina Holdings,"$598,016"
C-682709,03/15/2012,Acme Corp,"$7,620,647"
C-312399,"Oct 20, 2011",Tech Solutions,"$3,136,584"
C-567878,2016-09-29,Construcciones PR,"$4,518,597"
C-666035,"Oct 02, 2019",Tech Solutions,"$6,730,681"
C-572164,07/29/2010,Marina Holdings,"$5,854,231"
C-992796,10/11/2014,Construcciones PR,"$3,904,232"
C-982749,12/09/2011,Acme Corp,"$2,162,033"
C-303039,"Nov 05, 2016",Construcciones PR,"$7,038,479"
C-752688,2011-07-04,Bajos LLC,"$3,641,697"
C-787289,05/02/2013,Construcciones PR,"$863,895"
C-340328,"May 20, 2017",Universal Contractors,"$3,771,722"
C-507121,2014-05-24,Acme Corp,"$1,134,648"
C-294999,"May 15, 2013",Marina Holdings,"$5,794,358"
C-500831,2013-08-12,Servicios Unidos,"$6,108,152"
C-790226,07/18/2010,Bajos LLC,"$442,367"
C-272300,"Jul 17, 2013",Island Builders,"$3,414,667"
C-642210,2013-09-11,Marina Holdings,"$5,872,359"
C-224750,2018-01-10,Universal Contractors,"$9,009,453"
C-663275,"Sep 26, 2016",Bajos LLC,"$4,852,018"
C-657638,2011-11-29,Global Supply,"$3,445,645"
C-000428,"Sep 24, 2011",Island Builders,"$3,626,084"
C-754848,"Jun 25, 2017",Global Supply,"$6,923,632"
C-059172,12/18/2018,Global Supply,"$2,463,678"
C-599855,2015-09-27,Marina Holdings,"$9,064,939"
C-654545,"Feb 12, 2014",Tech Solutions,"$8,883,627"
C-657593,"Aug 14, 2018",Construcciones PR,"$7,860,750"
C-106831,2013-09-17,Tech Solutions,"$1,178,296"
C-789313,"Jan 06, 2015",Servicios Unidos,"$8,372,680"
C-991857,"Aug 20, 2011",Construcciones PR,"$6,390,546"
C-129544,"Nov 24, 2016",Marina Holdings,"$4,243,126"
C-181662,09/28/2011,Construcciones PR,"$3,460,721"
C-365295,2015-03-31,Bajos LLC,"$9,634,371"
C-581573,07/06/2010,Island Builders,"$6,029,779"
C-264258,11/01/2019,Bajos LLC,"$9,769,339"
C-164625,"Aug 15, 2013",Acme Corp,"$5,839,530"
C-855876,2012-09-23,Servicios Unidos,"$7,704,251"
C-397135,05/10/2013,Servicios Unidos,"$7,802,220"
C-016256,2012-05-25,Servicios Unidos,"$391,947"
C-694579,"Jun 30, 2011",Construcciones PR,"$3,243,700"
C-659921,2018-11-11,Acme Corp,"$6,226,413"
C-487019,"Feb 05, 2017",Acme Corp,"$5,320,709"
C-261831,2015-10-30,Servicios Unidos,"$8,634,102"
C-327242,08/10/2016,Bajos LLC,"$2,230,489"
C-731021,2012-04-14,Construcciones PR,"$1,370,119"
C-670346,03/30/2013,Servicios Unidos,"$683,440"
C-137458,2018-12-02,Acme Corp,"$2,336,330"
C-026369,"Feb 08, 2011",Island Builders,"$1,764,905"
C-523344,"Apr 01, 2019",Universal Contractors,"$4,941,737"
C-014817,"Jan 23, 2012",Servicios Unidos,"$3,573,172"
C-886092,2015-03-15,Construcciones PR,"$5,976,342"
C-923085,2015-04-16,Island Builders,"$7,005,519"
C-408989,2013-07-23,Island Builders,"$7,956,765"
C-816036,10/13/2010,Tech Solutions,"$5,066,250"
C-816763,"Sep 29, 2015",Marina Holdings,"$8,234,083"
C-711853,2013-12-22,Global Supply,"$5,549,667"
C-718543,01/05/2017,Island Builders,"$6,921,137"
C-072525,"Mar 25, 2014",Servicios Unidos,"$8,037,948"
C-495862,2012-06-23,Bajos LLC,"$6,176,832"
C-363387,"Jul 25, 2015",Global Supply,"$5,258,619"
C-856068,2011-01-24,Marina Holdings,"$4,029,329"
C-519575,2016-06-02,Island Builders,"$4,842,705"
C-646846,"Mar 04, 2010",Universal Contractors,"$6,617,117"
C-003475,02/26/2018,Island Builders,"$9,696,219"
C-334102,"Jul 22, 2011",Island Builders,"$7,488,430"
C-260141,08/03/2014,Construcciones PR,"$5,289,786"
C-515493,02/18/2018,Global Supply,"$762,052"
C-904785,"Aug 13, 2011",Universal Contractors,"$4,940,325"
C-491048,"Nov 01, 2017",Universal Contractors,"$2,679,104"
C-841382,01/21/2012,Construcciones PR,"$684,599"
C-555172,2014-08-11,Tech Solutions,"$2,793,581"
C-299387,06/16/2019,Global Supply,"$9,332,752"
C-862426,2019-03-03,Island Builders,"$1,222,164"
C-852828,2019-01-18,Marina Holdings,"$5,552,334"
C-307566,2015-01-26,Universal Contractors,"$9,242,390"
C-262161,"Mar 22, 2013",Marina Holdings,"$7,527,106"
C-531904,08/17/2011,Island Builders,"$5,293,518"
C-451747,"Oct 12, 2017",Construcciones PR,"$702,455"
C-618761,2011-05-14,Universal Contractors,"$330,587"
C-971911,06/18/2012,Acme Corp,"$1,362,324"
C-222316,2017-01-21,Tech Solutions,"$5,326"
C-436735,2010-06-13,Marina Holdings,"$7,324,768"
C-533125,2016-09-04,Acme Corp,"$9,988,877"
C-066763,2014-09-22,Construcciones PR,"$9,474,745"
C-256815,2013-05-29,Bajos LLC,"$8,001,075"
C-731704,2018-12-05,Bajos LLC,"$9,115,508"
C-362384,2017-09-26,Construcciones PR,"$9,895,601"
C-379464,2014-05-19,Universal Contractors,"$6,641,119"
C-325233,"Jan 28, 2016",Construcciones PR,"$2,279,801"
C-380302,04/11/2017,Global Supply,"$6,550,013"
C-188022,"Jan 11, 2011",Servicios Unidos,"$4,001,944"
C-065147,2011-05-07,Marina Holdings,"$9,784,345"
C-611814,11/08/2011,Marina Holdings,"$750,971"
C-861842,02/05/2015,Acme Corp,"$8,241,434"
C-974989,05/16/2017,Island Builders,"$1,257,833"
C-663203,"Aug 18, 2012",Bajos LLC,"$5,258,083"
C-456585,08/27/2010,Universal Contractors,"$2,379,498"
C-816703,"Dec 12, 2015",Construcciones PR,"$8,309,183"
C-014349,10/14/2019,Island Builders,"$5,650,425"
C-583575,"Jul 07, 2014",Universal Contractors,"$71,217"
C-059740,"Jul 23, 2016",Construcciones PR,"$616,748"
C-171762,"Sep 26, 2012",Acme Corp,"$332,117"
C-738365,2011-09-11,Island Builders,"$4,415,510"
C-828100,10/11/2019,Marina Holdings,"$694,147"
C-451254,03/21/2018,Acme Corp,"$2,150,345"
C-879526,08/20/2019,Universal Contractors,"$549,171"
C-372075,2014-10-19,Servicios Unidos,"$1,855,851"
C-596687,05/18/2016,Island Builders,"$3,137,936"
C-243008,2018-09-13,Universal Contractors,"$1,151,029"
C-134592,2010-07-22,Island Builders,"$7,325,490"
C-082586,"Jul 26, 2014",Servicios Unidos,"$6,904,389"
C-160278,"Jul 21, 2012",Bajos LLC,"$2,733,785"
C-976692,2018-10-17,Tech Solutions,"$9,885,673"
C-914912,06/22/2010,Acme Corp,"$2,369,435"
C-986443,"May 17, 2013",Bajos LLC,"$7,245,443"
C-812370,10/16/2017,Island Builders,"$5,963,201"
C-531860,02/03/2017,Bajos LLC,"$8,527,530"
C-316684,"Jul 27, 2010",Universal Contractors,"$3,166,273"
C-084201,01/18/2012,Tech Solutions,"$6,041,445"
C-249225,"Aug 20, 2014",Construcciones PR,"$9,836,830"
C-882125,"Dec 31, 2018",Servicios Unidos,"$9,991,488"
C-583345,2013-11-19,Universal Contractors,"$7,495,133"
C-301314,"Mar 19, 2019",Acme Corp,"$3,117,093"
C-132296,2019-10-06,Bajos LLC,"$1,467,421"
C-588806,05/25/2016,Servicios Unidos,"$444,976"
C-988362,2013-04-27,Tech Solutions,"$7,670,333"
C-847045,"Nov 27, 2013",Servicios Unidos,"$636,773"
C-146259,2016-06-17,Universal Contractors,"$3,199,651"
C-557531,01/21/2017,Island Builders,"$1,333,315"
C-657847,"Jul 03, 2011",Island Builders,"$6,452,597"
C-337729,"Jan 07, 2019",Marina Holdings,"$8,986,690"
C-831224,2013-05-10,Marina Holdings,"$4,669,410"
C-797447,"Nov 13, 2019",Universal Contractors,"$1,816,338"
C-810266,2018-02-26,Servicios Unidos,"$6,789,106"
C-115377,12/21/2019,Tech Solutions,"$4,801,882"
C-422796,09/02/2014,Tech Solutions,"$4,353,422"
C-972550,09/03/2013,Tech Solutions,"$1,221,663"
C-939440,2015-02-05,Tech Solutions,"$4,478,210"
C-033474,"Nov 03, 2014",Global Supply,"$247,393"
C-019614,03/03/2018,Servicios Unidos,"$9,221,194"
C-083264,07/20/2015,Servicios Unidos,"$5,020,655"
C-897829,04/21/2011,Marina Holdings,"$1,675,726"
C-112645,10/27/2014,Servicios Unidos,"$9,474,152"
C-780492,2019-01-05,Acme Corp,"$9,937,988"
C-949098,08/04/2016,Tech Solutions,"$1,777,371"
C-839026,"Oct 30, 2017",Global Supply,"$6,473,383"
C-677539,2018-10-26,Bajos LLC,"$5,914,712"
C-286254,"Feb 09, 2016",Construcciones PR,"$4,120,894"
C-998283,"Nov 26, 2018",Marina Holdings,"$7,166,721"
C-597050,2017-08-18,Universal Contractors,"$6,283,161"
C-887034,"Jul 25, 2018",Island Builders,"$508,380"
C-213903,"Jul 28, 2016",Construcciones PR,"$1,415,220"
C-125521,2013-04-10,Tech Solutions,"$4,959,799"
C-611034,2014-02-08,Island Builders,"$7,254,337"
C-963216,2019-11-14,Marina Holdings,"$7,995,550"
C-202227,07/02/2016,Servicios Unidos,"$8,837,352"
C-297235,2019-06-07,Global Supply,"$471,759"
C-523871,01/27/2018,Servicios Unidos,"$2,249,418"
C-941285,2017-07-07,Global Supply,"$8,283,161"
C-406997,06/14/2012,Bajos LLC,"$9,215,533"
C-330562,"Mar 23, 2012",Bajos LLC,"$8,981,267"
C-804086,2019-12-25,Marina Holdings,"$6,875,414"
C-392719,2017-02-04,Global Supply,"$5,961,980"
C-003645,"Jun 17, 2013",Bajos LLC,"$3,044,342"
C-196074,01/05/2012,Global Supply,"$5,815,697"
C-603558,"Apr 17, 2017",Construcciones PR,"$1,151,467"
C-590294,"Apr 25, 2011",Island Builders,"$9,462,033"
C-518449,2019-06-08,Construcciones PR,"$5,535,926"
C-555917,2012-12-22,Acme Corp,"$2,648,230"
C-317831,01/08/2018,Construcciones PR,"$4,441,619"
C-502350,2016-05-27,Tech Solutions,"$2,197,816"
C-704922,05/31/2015,Construcciones PR,"$8,545,305"
C-885678,"Nov 14, 2012",Marina Holdings,"$3,296,865"
C-357969,2016-01-15,Island Builders,"$8,351,605"
C-687904,2019-05-31,Global Supply,"$3,547,296"
C-017431,10/12/2014,Universal Contractors,"$3,204,341"
C-905745,"Jul 28, 2017",Bajos LLC,"$6,398,585"
C-885912,2016-02-22,Acme Corp,"$1,176,012"
C-621574,2018-09-16,Universal Contractors,"$4,686,468"
C-330634,03/04/2014,Island Builders,"$6,133,588"
C-088591,06/05/2019,Servicios Unidos,"$8,355,875"
C-049716,"Feb 06, 2019",Global Supply,"$8,362,564"
C-482209,2013-11-27,Universal Contractors,"$972,112"
C-385742,"Apr 02, 2015",Marina Holdings,"$1,322,777"
C-682066,2018-03-10,Global Supply,"$8,646,253"
C-665790,2014-09-28,Global Supply,"$9,328,180"
C-649426,"Dec 13, 2013",Bajos LLC,"$431,477"
C-638185,"Apr 14, 2013",Global Supply,"$2,548,204"
C-387437,05/04/2010,Acme Corp,"$1,168,666"
C-669050,"Oct 17, 2016",Bajos LLC,"$6,326,775"
C-733004,06/23/2010,Marina Holdings,"$5,849,817"
C-394848,"Jul 02, 2010",Acme Corp,"$1,704,792"
C-881925,"Dec 23, 2011",Tech Solutions,"$9,073,375"
C-207704,"Mar 27, 2016",Tech Solutions,"$2,873,137"
C-359712,2017-09-07,Universal Contractors,"$3,000,278"
C-651462,05/25/2013,Global Supply,"$5,328,678"
C-228588,01/19/2012,Construcciones PR,"$8,622,431"
C-217505,10/22/2017,Marina Holdings,"$9,341,884"
C-854457,"May 17, 2013",Bajos LLC,"$8,797,154"
C-611887,09/22/2018,Universal Contractors,"$6,438,591"
C-310606,"Aug 30, 2017",Servicios Unidos,"$151,586"
C-663328,2014-11-30,Acme Corp,"$1,591,677"
C-349096,08/17/2018,Universal Contractors,"$6,135,738"
C-923583,2016-09-12,Servicios Unidos,"$661,474"
C-771865,06/24/2013,Tech Solutions,"$2,247,220"
C-845791,2016-09-29,Acme Corp,"$6,708,410"
C-943494,2010-01-05,Island Builders,"$7,944,483"
C-022079,2016-01-14,Construcciones PR,"$5,373,328"
C-770946,01/10/2013,Global Supply,"$1,931,857"
C-339590,12/12/2012,Island Builders,"$7,390,538"
C-795650,11/21/2014,Bajos LLC,"$1,458,252"
C-830387,"Jun 15, 2015",Acme Corp,"$5,101,600"
C-236674,2010-04-16,Construcciones PR,"$3,214,067"
C-619160,"Feb 01, 2017",Marina Holdings,"$623,766"
C-017175,"Dec 24, 2015",Marina Holdings,"$3,375,099"
C-753223,"Sep 02, 2019",Global Supply,"$1,280,244"
C-830415,"Oct 22, 2018",Construcciones PR,"$6,451,468"
C-587328,"Feb 05, 2019",Tech Solutions,"$85,592"
C-745107,12/22/2011,Construcciones PR,"$1,769,499"
C-366771,06/25/2015,Acme Corp,"$3,210,104"
C-391588,07/31/2013,Construcciones PR,"$2,102,669"
C-724060,"Feb 17, 2017",Acme Corp,"$2,462,384"
C-187677,2013-08-26,Tech Solutions,"$7,583,582"
C-411833,2014-10-05,Universal Contractors,"$6,023,736"
C-056565,04/20/2019,Global Supply,"$8,416,695"
C-738381,"May 11, 2017",Global Supply,"$8,454,511"
C-812996,2019-01-20,Marina Holdings,"$1,093,165"
C-534355,"Nov 17, 2018",Universal Contractors,"$3,919,766"
C-350046,2015-01-30,Marina Holdings,"$3,226,615"
C-370288,"Mar 28, 2017",Global Supply,"$9,198,057"
C-746876,06/02/2011,Island Builders,"$4,325,849"
C-815607,2010-01-29,Marina Holdings,"$5,039,050"
C-544880,2011-09-14,Global Supply,"$2,862,340"
C-210214,04/20/2019,Island Builders,"$3,215,728"
C-553351,"Apr 13, 2014",Global Supply,"$8,729,932"
C-717835,11/02/2017,Construcciones PR,"$2,052,610"
C-647964,2019-07-16,Marina Holdings,"$2,009,843"
C-139689,2019-09-21,Tech Solutions,"$8,975,293"
C-417970,2010-10-07,Acme Corp,"$8,527,491"
C-844976,03/18/2012,Construcciones PR,"$6,397,305"
C-090796,"Oct 09, 2016",Tech Solutions,"$9,428,041"
C-560730,2011-07-02,Universal Contractors,"$2,020,192"
C-563641,2017-04-18,Servicios Unidos,"$7,426,449"
C-795051,2016-03-25,Global Supply,"$1,710,591"
C-355393,2016-09-14,Tech Solutions,"$6,030,088"
C-808665,"Aug 03, 2015",Servicios Unidos,"$9,478,318"
C-301886,"Sep 29, 2014",Servicios Unidos,"$1,482,542"
C-711096,"Oct 28, 2015",Construcciones PR,"$6,671,333"
C-963941,2011-02-11,Global Supply,"$343,883"
C-889473,01/25/2013,Servicios Unidos,"$3,751,378"
C-577629,08/12/2017,Universal Contractors,"$1,601,023"
C-987423,"Apr 26, 2017",Tech Solutions,"$9,621,601"
C-132601,2015-03-20,Construcciones PR,"$9,409,775"
C-373918,"Jul 23, 2012",Tech Solutions,"$9,685,687"
C-954777,2013-05-07,Island Builders,"$8,083,695"
C-395848,2014-09-26,Construcciones PR,"$2,807,434"
C-454661,"Apr 22, 2016",Tech Solutions,"$9,221,523"
C-236648,2011-07-19,Universal Contractors,"$5,405,972"
C-148076,2019-05-27,Global Supply,"$5,123,418"
C-575886,2019-08-07,Tech Solutions,"$7,648,066"
C-873935,"Sep 08, 2014",Global Supply,"$6,274,411"
C-854080,"Jun 07, 2010",Bajos LLC,"$2,606,438"
C-947655,"Mar 08, 2016",Marina Holdings,"$8,774,780"
C-183721,2011-01-01,Island Builders,"$4,694,398"
C-327177,09/18/2019,Tech Solutions,"$4,179,749"
C-346752,"Dec 15, 2014",Marina Holdings,"$8,463,108"
C-047014,"Dec 19, 2017",Universal Contractors,"$9,535,617"
C-165984,"Jan 16, 2013",Tech Solutions,"$7,908,727"
C-715287,02/26/2012,Marina Holdings,"$5,321,096"
C-895310,"Sep 22, 2014",Bajos LLC,"$9,446,002"
C-112723,11/14/2011,Island Builders,"$8,930,580"
C-286191,03/01/2010,Construcciones PR,"$7,778,423"
C-831150,2012-08-01,Acme Corp,"$7,810,088"
C-204335,2015-08-05,Bajos LLC,"$5,003,467"
C-685284,"Jan 19, 2019",Tech Solutions,"$1,819,649"
C-509265,08/11/2014,Universal Contractors,"$180,888"
C-141224,2019-11-07,Tech Solutions,"$2,279,018"
C-364602,"Apr 02, 2018",Island Builders,"$5,278,750"
C-081944,2013-10-16,Servicios Unidos,"$7,387,218"
C-038037,"Mar 07, 2017",Acme Corp,"$1,139,642"
C-399354,"Mar 14, 2014",Acme Corp,"$4,594,194"
C-606136,2011-12-17,Construcciones PR,"$7,747,635"
C-291494,03/29/2017,Global Supply,"$1,951,875"
C-676785,09/10/2012,Global Supply,"$2,545,951"
C-289886,09/19/2012,Marina Holdings,"$8,066,598"
C-558697,2019-10-07,Acme Corp,"$6,856,718"
C-367961,07/08/2011,Marina Holdings,"$3,699,343"
C-905432,11/17/2018,Tech Solutions,"$6,461,406"
C-338505,"Oct 24, 2017",Global Supply,"$3,809,653"
C-561957,11/06/2011,Island Builders,"$984,868"
C-843715,2017-02-07,Marina Holdings,"$5,613,732"
C-204900,"Oct 07, 2017",Tech Solutions,"$3,847,242"
C-810368,2011-04-06,Tech Solutions,"$9,844,546"
C-137577,"Mar 26, 2014",Global Supply,"$5,402,041"
C-160667,"Jan 30, 2013",Construcciones PR,"$4,986,877"
C-877584,2017-06-22,Acme Corp,"$4,422,645"
C-878258,2016-11-13,Universal Contractors,"$4,240,596"
C-512760,2018-06-16,Construcciones PR,"$9,954,825"
C-959657,08/10/2017,Construcciones PR,"$4,529,920"
C-085788,"Apr 22, 2012",Marina Holdings,"$2,779,077"
C-091341,2011-11-08,Universal Contractors,"$2,220,160"
C-666614,2010-09-18,Marina Holdings,"$4,777,346"
C-150262,03/25/2016,Marina Holdings,"$8,235,140"
C-970741,04/24/2014,Servicios Unidos,"$6,710,750"
C-837163,12/19/2012,Servicios Unidos,"$2,711,782"
C-377624,2015-02-10,Tech Solutions,"$8,226,059"
C-405318,09/20/2013,Universal Contractors,"$1,947,533"
C-871191,2017-10-26,Island Builders,"$8,984,542"
C-708355,06/04/2014,Marina Holdings,"$8,944,541"
C-834880,11/17/2018,Universal Contractors,"$9,786,836"
C-585001,04/29/2013,Acme Corp,"$8,277,432"
C-180710,01/04/2017,Marina Holdings,"$7,787,237"
C-120258,2011-08-19,Universal Contractors,"$7,312,172"
C-992407,"Oct 17, 2019",Bajos LLC,"$2,541,041"
C-744227,05/17/2015,Bajos LLC,"$3,870,372"
C-210331,01/10/2019,Universal Contractors,"$6,736,549"
C-523983,"Jun 29, 2015",Global Supply,"$5,745,999"
C-286546,2011-05-13,Construcciones PR,"$3,499,938"
C-416398,"Aug 21, 2015",Bajos LLC,"$2,298,077"
C-405738,"Aug 13, 2013",Universal Contractors,"$5,907,852"
C-511737,"Mar 30, 2018",Construcciones PR,"$1,061,262"
C-301147,2019-11-06,Island Builders,"$5,009,200"
C-977409,02/01/2015,Marina Holdings,"$8,229,695"
C-115232,08/31/2017,Global Supply,"$6,828,375"
C-581875,2011-05-14,Universal Contractors,"$6,484,710"
C-927314,2013-08-08,Acme Corp,"$7,108,355"
C-923545,"Nov 28, 2016",Tech Solutions,"$9,587,652"
C-833474,12/13/2011,Global Supply,"$6,050,306"
